colorspace,quantize_method,total_bits,channel_bits,q1,q2,q3,error_value,filename,folder,config,bit_efficiency,channel_sum
RGB,equal,4,112,1,1,2,1064,out_RGB_equal_N4_112_error_1064.png,C1M1,C1M1,0.0037593984962406013,4
RGB,equal,4,121,1,2,1,1102,out_RGB_equal_N4_121_error_1102.png,C1M1,C1M1,0.003629764065335753,4
RGB,equal,4,211,2,1,1,878,out_RGB_equal_N4_211_error_878.png,C1M1,C1M1,0.004555808656036446,4
RGB,equal,6,114,1,1,4,990,out_RGB_equal_N6_114_error_990.png,C1M1,C1M1,0.006060606060606061,6
RGB,equal,6,123,1,2,3,740,out_RGB_equal_N6_123_error_740.png,C1M1,C1M1,0.008108108108108109,6
RGB,equal,6,132,1,3,2,728,out_RGB_equal_N6_132_error_728.png,C1M1,C1M1,0.008241758241758242,6
RGB,equal,6,141,1,4,1,1022,out_RGB_equal_N6_141_error_1022.png,C1M1,C1M1,0.005870841487279843,6
RGB,equal,6,213,2,1,3,517,out_RGB_equal_N6_213_error_517.png,C1M1,C1M1,0.01160541586073501,6
RGB,equal,6,222,2,2,2,290,out_RGB_equal_N6_222_error_290.png,C1M1,C1M1,0.020689655172413793,6
RGB,equal,6,231,2,3,1,543,out_RGB_equal_N6_231_error_543.png,C1M1,C1M1,0.011049723756906077,6
RGB,equal,6,312,3,1,2,465,out_RGB_equal_N6_312_error_465.png,C1M1,C1M1,0.012903225806451613,6
RGB,equal,6,321,3,2,1,503,out_RGB_equal_N6_321_error_503.png,C1M1,C1M1,0.011928429423459244,6
RGB,equal,6,411,4,1,1,762,out_RGB_equal_N6_411_error_762.png,C1M1,C1M1,0.007874015748031496,6
RGB,equal,8,116,1,1,6,983,out_RGB_equal_N8_116_error_983.png,C1M1,C1M1,0.008138351983723296,8
RGB,equal,8,125,1,2,5,709,out_RGB_equal_N8_125_error_709.png,C1M1,C1M1,0.011283497884344146,8
RGB,equal,8,134,1,3,4,654,out_RGB_equal_N8_134_error_654.png,C1M1,C1M1,0.012232415902140673,8
RGB,equal,8,143,1,4,3,660,out_RGB_equal_N8_143_error_660.png,C1M1,C1M1,0.012121212121212121,8
RGB,equal,8,152,1,5,2,704,out_RGB_equal_N8_152_error_704.png,C1M1,C1M1,0.011363636363636364,8
RGB,equal,8,161,1,6,1,1015,out_RGB_equal_N8_161_error_1015.png,C1M1,C1M1,0.007881773399014778,8
RGB,equal,8,215,2,1,5,486,out_RGB_equal_N8_215_error_486.png,C1M1,C1M1,0.01646090534979424,8
RGB,equal,8,224,2,2,4,216,out_RGB_equal_N8_224_error_216.png,C1M1,C1M1,0.037037037037037035,8
RGB,equal,8,233,2,3,3,181,out_RGB_equal_N8_233_error_181.png,C1M1,C1M1,0.04419889502762431,8
RGB,equal,8,242,2,4,2,210,out_RGB_equal_N8_242_error_210.png,C1M1,C1M1,0.0380952380952381,8
RGB,equal,8,251,2,5,1,518,out_RGB_equal_N8_251_error_518.png,C1M1,C1M1,0.015444015444015444,8
RGB,equal,8,314,3,1,4,391,out_RGB_equal_N8_314_error_391.png,C1M1,C1M1,0.020460358056265986,8
RGB,equal,8,323,3,2,3,141,out_RGB_equal_N8_323_error_141.png,C1M1,C1M1,0.05673758865248227,8
RGB,equal,8,332,3,3,2,130,out_RGB_equal_N8_332_error_130.png,C1M1,C1M1,0.06153846153846154,8
RGB,equal,8,341,3,4,1,423,out_RGB_equal_N8_341_error_423.png,C1M1,C1M1,0.018912529550827423,8
RGB,equal,8,413,4,1,3,400,out_RGB_equal_N8_413_error_400.png,C1M1,C1M1,0.02,8
RGB,equal,8,422,4,2,2,174,out_RGB_equal_N8_422_error_174.png,C1M1,C1M1,0.04597701149425287,8
RGB,equal,8,431,4,3,1,426,out_RGB_equal_N8_431_error_426.png,C1M1,C1M1,0.018779342723004695,8
RGB,equal,8,512,5,1,2,446,out_RGB_equal_N8_512_error_446.png,C1M1,C1M1,0.017937219730941704,8
RGB,equal,8,521,5,2,1,483,out_RGB_equal_N8_521_error_483.png,C1M1,C1M1,0.016563146997929608,8
RGB,equal,8,611,6,1,1,757,out_RGB_equal_N8_611_error_757.png,C1M1,C1M1,0.010568031704095112,8
RGB,nonuniform,4,112,1,1,2,950,out_RGB_nonuniform_N4_112_error_950.png,C1M2,C1M2,0.004210526315789474,4
RGB,nonuniform,4,121,1,2,1,1021,out_RGB_nonuniform_N4_121_error_1021.png,C1M2,C1M2,0.0039177277179236044,4
RGB,nonuniform,4,211,2,1,1,862,out_RGB_nonuniform_N4_211_error_862.png,C1M2,C1M2,0.004640371229698376,4
RGB,nonuniform,6,114,1,1,4,881,out_RGB_nonuniform_N6_114_error_881.png,C1M2,C1M2,0.00681044267877412,6
RGB,nonuniform,6,123,1,2,3,682,out_RGB_nonuniform_N6_123_error_682.png,C1M2,C1M2,0.008797653958944282,6
RGB,nonuniform,6,132,1,3,2,664,out_RGB_nonuniform_N6_132_error_664.png,C1M2,C1M2,0.009036144578313253,6
RGB,nonuniform,6,141,1,4,1,926,out_RGB_nonuniform_N6_141_error_926.png,C1M2,C1M2,0.0064794816414686825,6
RGB,nonuniform,6,213,2,1,3,523,out_RGB_nonuniform_N6_213_error_523.png,C1M2,C1M2,0.011472275334608031,6
RGB,nonuniform,6,222,2,2,2,366,out_RGB_nonuniform_N6_222_error_366.png,C1M2,C1M2,0.01639344262295082,6
RGB,nonuniform,6,231,2,3,1,576,out_RGB_nonuniform_N6_231_error_576.png,C1M2,C1M2,0.010416666666666666,6
RGB,nonuniform,6,312,3,1,2,438,out_RGB_nonuniform_N6_312_error_438.png,C1M2,C1M2,0.0136986301369863,6
RGB,nonuniform,6,321,3,2,1,510,out_RGB_nonuniform_N6_321_error_510.png,C1M2,C1M2,0.011764705882352941,6
RGB,nonuniform,6,411,4,1,1,687,out_RGB_nonuniform_N6_411_error_687.png,C1M2,C1M2,0.008733624454148471,6
RGB,nonuniform,8,116,1,1,6,875,out_RGB_nonuniform_N8_116_error_875.png,C1M2,C1M2,0.009142857142857144,8
RGB,nonuniform,8,125,1,2,5,664,out_RGB_nonuniform_N8_125_error_664.png,C1M2,C1M2,0.012048192771084338,8
RGB,nonuniform,8,134,1,3,4,595,out_RGB_nonuniform_N8_134_error_595.png,C1M2,C1M2,0.013445378151260505,8
RGB,nonuniform,8,143,1,4,3,588,out_RGB_nonuniform_N8_143_error_588.png,C1M2,C1M2,0.013605442176870748,8
RGB,nonuniform,8,152,1,5,2,636,out_RGB_nonuniform_N8_152_error_636.png,C1M2,C1M2,0.012578616352201259,8
RGB,nonuniform,8,161,1,6,1,918,out_RGB_nonuniform_N8_161_error_918.png,C1M2,C1M2,0.008714596949891068,8
RGB,nonuniform,8,215,2,1,5,505,out_RGB_nonuniform_N8_215_error_505.png,C1M2,C1M2,0.015841584158415842,8
RGB,nonuniform,8,224,2,2,4,296,out_RGB_nonuniform_N8_224_error_296.png,C1M2,C1M2,0.02702702702702703,8
RGB,nonuniform,8,233,2,3,3,238,out_RGB_nonuniform_N8_233_error_238.png,C1M2,C1M2,0.03361344537815126,8
RGB,nonuniform,8,242,2,4,2,271,out_RGB_nonuniform_N8_242_error_271.png,C1M2,C1M2,0.02952029520295203,8
RGB,nonuniform,8,251,2,5,1,548,out_RGB_nonuniform_N8_251_error_548.png,C1M2,C1M2,0.014598540145985401,8
RGB,nonuniform,8,314,3,1,4,369,out_RGB_nonuniform_N8_314_error_369.png,C1M2,C1M2,0.02168021680216802,8
RGB,nonuniform,8,323,3,2,3,171,out_RGB_nonuniform_N8_323_error_171.png,C1M2,C1M2,0.04678362573099415,8
RGB,nonuniform,8,332,3,3,2,153,out_RGB_nonuniform_N8_332_error_153.png,C1M2,C1M2,0.05228758169934641,8
RGB,nonuniform,8,341,3,4,1,415,out_RGB_nonuniform_N8_341_error_415.png,C1M2,C1M2,0.01927710843373494,8
RGB,nonuniform,8,413,4,1,3,349,out_RGB_nonuniform_N8_413_error_349.png,C1M2,C1M2,0.022922636103151862,8
RGB,nonuniform,8,422,4,2,2,191,out_RGB_nonuniform_N8_422_error_191.png,C1M2,C1M2,0.041884816753926704,8
RGB,nonuniform,8,431,4,3,1,402,out_RGB_nonuniform_N8_431_error_402.png,C1M2,C1M2,0.01990049751243781,8
RGB,nonuniform,8,512,5,1,2,394,out_RGB_nonuniform_N8_512_error_394.png,C1M2,C1M2,0.02030456852791878,8
RGB,nonuniform,8,521,5,2,1,466,out_RGB_nonuniform_N8_521_error_466.png,C1M2,C1M2,0.017167381974248927,8
RGB,nonuniform,8,611,6,1,1,676,out_RGB_nonuniform_N8_611_error_676.png,C1M2,C1M2,0.011834319526627219,8
YUV,equal,4,112,1,1,2,3912,out_YUV_equal_N4_112_error_3912.png,C2M1,C2M1,0.0010224948875255625,4
YUV,equal,4,121,1,2,1,2717,out_YUV_equal_N4_121_error_2717.png,C2M1,C2M1,0.001472211998527788,4
YUV,equal,4,211,2,1,1,3248,out_YUV_equal_N4_211_error_3248.png,C2M1,C2M1,0.0012315270935960591,4
YUV,equal,6,114,1,1,4,3872,out_YUV_equal_N6_114_error_3872.png,C2M1,C2M1,0.0015495867768595042,6
YUV,equal,6,123,1,2,3,1740,out_YUV_equal_N6_123_error_1740.png,C2M1,C2M1,0.0034482758620689655,6
YUV,equal,6,132,1,3,2,1421,out_YUV_equal_N6_132_error_1421.png,C2M1,C2M1,0.00422237860661506,6
YUV,equal,6,141,1,4,1,2171,out_YUV_equal_N6_141_error_2171.png,C2M1,C2M1,0.0027637033625057578,6
YUV,equal,6,213,2,1,3,2521,out_YUV_equal_N6_213_error_2521.png,C2M1,C2M1,0.002380007933359778,6
YUV,equal,6,222,2,2,2,768,out_YUV_equal_N6_222_error_768.png,C2M1,C2M1,0.0078125,6
YUV,equal,6,231,2,3,1,1386,out_YUV_equal_N6_231_error_1386.png,C2M1,C2M1,0.004329004329004329,6
YUV,equal,6,312,3,1,2,2247,out_YUV_equal_N6_312_error_2247.png,C2M1,C2M1,0.0026702269692923898,6
YUV,equal,6,321,3,2,1,1232,out_YUV_equal_N6_321_error_1232.png,C2M1,C2M1,0.00487012987012987,6
YUV,equal,6,411,4,1,1,2925,out_YUV_equal_N6_411_error_2925.png,C2M1,C2M1,0.0020512820512820513,6
YUV,equal,8,116,1,1,6,3852,out_YUV_equal_N8_116_error_3852.png,C2M1,C2M1,0.0020768431983385254,8
YUV,equal,8,125,1,2,5,1761,out_YUV_equal_N8_125_error_1761.png,C2M1,C2M1,0.004542873367404884,8
YUV,equal,8,134,1,3,4,1269,out_YUV_equal_N8_134_error_1269.png,C2M1,C2M1,0.006304176516942475,8
YUV,equal,8,143,1,4,3,1118,out_YUV_equal_N8_143_error_1118.png,C2M1,C2M1,0.007155635062611807,8
YUV,equal,8,152,1,5,2,1285,out_YUV_equal_N8_152_error_1285.png,C2M1,C2M1,0.0062256809338521405,8
YUV,equal,8,161,1,6,1,2157,out_YUV_equal_N8_161_error_2157.png,C2M1,C2M1,0.0037088548910523874,8
YUV,equal,8,215,2,1,5,2523,out_YUV_equal_N8_215_error_2523.png,C2M1,C2M1,0.0031708283789139914,8
YUV,equal,8,224,2,2,4,646,out_YUV_equal_N8_224_error_646.png,C2M1,C2M1,0.01238390092879257,8
YUV,equal,8,233,2,3,3,430,out_YUV_equal_N8_233_error_430.png,C2M1,C2M1,0.018604651162790697,8
YUV,equal,8,242,2,4,2,461,out_YUV_equal_N8_242_error_461.png,C2M1,C2M1,0.01735357917570499,8
YUV,equal,8,251,2,5,1,1262,out_YUV_equal_N8_251_error_1262.png,C2M1,C2M1,0.006339144215530904,8
YUV,equal,8,314,3,1,4,2182,out_YUV_equal_N8_314_error_2182.png,C2M1,C2M1,0.0036663611365719525,8
YUV,equal,8,323,3,2,3,369,out_YUV_equal_N8_323_error_369.png,C2M1,C2M1,0.02168021680216802,8
YUV,equal,8,332,3,3,2,328,out_YUV_equal_N8_332_error_328.png,C2M1,C2M1,0.024390243902439025,8
YUV,equal,8,341,3,4,1,1051,out_YUV_equal_N8_341_error_1051.png,C2M1,C2M1,0.007611798287345386,8
YUV,equal,8,413,4,1,3,2183,out_YUV_equal_N8_413_error_2183.png,C2M1,C2M1,0.0036646816307833257,8
YUV,equal,8,422,4,2,2,497,out_YUV_equal_N8_422_error_497.png,C2M1,C2M1,0.01609657947686117,8
YUV,equal,8,431,4,3,1,1116,out_YUV_equal_N8_431_error_1116.png,C2M1,C2M1,0.007168458781362007,8
YUV,equal,8,512,5,1,2,2233,out_YUV_equal_N8_512_error_2233.png,C2M1,C2M1,0.0035826242722794446,8
YUV,equal,8,521,5,2,1,1232,out_YUV_equal_N8_521_error_1232.png,C2M1,C2M1,0.006493506493506494,8
YUV,equal,8,611,6,1,1,2875,out_YUV_equal_N8_611_error_2875.png,C2M1,C2M1,0.002782608695652174,8
YUV,nonuniform,4,112,1,1,2,847,out_YUV_nonuniform_N4_112_error_847.png,C2M2,C2M2,0.004722550177095631,4
YUV,nonuniform,4,121,1,2,1,875,out_YUV_nonuniform_N4_121_error_875.png,C2M2,C2M2,0.004571428571428572,4
YUV,nonuniform,4,211,2,1,1,272,out_YUV_nonuniform_N4_211_error_272.png,C2M2,C2M2,0.014705882352941176,4
YUV,nonuniform,6,114,1,1,4,838,out_YUV_nonuniform_N6_114_error_838.png,C2M2,C2M2,0.007159904534606206,6
YUV,nonuniform,6,123,1,2,3,806,out_YUV_nonuniform_N6_123_error_806.png,C2M2,C2M2,0.007444168734491315,6
YUV,nonuniform,6,132,1,3,2,813,out_YUV_nonuniform_N6_132_error_813.png,C2M2,C2M2,0.007380073800738007,6
YUV,nonuniform,6,141,1,4,1,870,out_YUV_nonuniform_N6_141_error_870.png,C2M2,C2M2,0.006896551724137931,6
YUV,nonuniform,6,213,2,1,3,213,out_YUV_nonuniform_N6_213_error_213.png,C2M2,C2M2,0.028169014084507043,6
YUV,nonuniform,6,222,2,2,2,204,out_YUV_nonuniform_N6_222_error_204.png,C2M2,C2M2,0.029411764705882353,6
YUV,nonuniform,6,231,2,3,1,257,out_YUV_nonuniform_N6_231_error_257.png,C2M2,C2M2,0.023346303501945526,6
YUV,nonuniform,6,312,3,1,2,95,out_YUV_nonuniform_N6_312_error_95.png,C2M2,C2M2,0.06315789473684211,6
YUV,nonuniform,6,321,3,2,1,127,out_YUV_nonuniform_N6_321_error_127.png,C2M2,C2M2,0.047244094488188976,6
YUV,nonuniform,6,411,4,1,1,97,out_YUV_nonuniform_N6_411_error_97.png,C2M2,C2M2,0.061855670103092786,6
YUV,nonuniform,8,116,1,1,6,837,out_YUV_nonuniform_N8_116_error_837.png,C2M2,C2M2,0.009557945041816009,8
YUV,nonuniform,8,125,1,2,5,805,out_YUV_nonuniform_N8_125_error_805.png,C2M2,C2M2,0.009937888198757764,8
YUV,nonuniform,8,134,1,3,4,805,out_YUV_nonuniform_N8_134_error_805.png,C2M2,C2M2,0.009937888198757764,8
YUV,nonuniform,8,143,1,4,3,801,out_YUV_nonuniform_N8_143_error_801.png,C2M2,C2M2,0.009987515605493134,8
YUV,nonuniform,8,152,1,5,2,810,out_YUV_nonuniform_N8_152_error_810.png,C2M2,C2M2,0.009876543209876543,8
YUV,nonuniform,8,161,1,6,1,869,out_YUV_nonuniform_N8_161_error_869.png,C2M2,C2M2,0.009205983889528193,8
YUV,nonuniform,8,215,2,1,5,212,out_YUV_nonuniform_N8_215_error_212.png,C2M2,C2M2,0.03773584905660377,8
YUV,nonuniform,8,224,2,2,4,199,out_YUV_nonuniform_N8_224_error_199.png,C2M2,C2M2,0.04020100502512563,8
YUV,nonuniform,8,233,2,3,3,197,out_YUV_nonuniform_N8_233_error_197.png,C2M2,C2M2,0.04060913705583756,8
YUV,nonuniform,8,242,2,4,2,200,out_YUV_nonuniform_N8_242_error_200.png,C2M2,C2M2,0.04,8
YUV,nonuniform,8,251,2,5,1,255,out_YUV_nonuniform_N8_251_error_255.png,C2M2,C2M2,0.03137254901960784,8
YUV,nonuniform,8,314,3,1,4,88,out_YUV_nonuniform_N8_314_error_88.png,C2M2,C2M2,0.09090909090909091,8
YUV,nonuniform,8,323,3,2,3,81,out_YUV_nonuniform_N8_323_error_81.png,C2M2,C2M2,0.09876543209876543,8
YUV,nonuniform,8,332,3,3,2,80,out_YUV_nonuniform_N8_332_error_80.png,C2M2,C2M2,0.1,8
YUV,nonuniform,8,341,3,4,1,122,out_YUV_nonuniform_N8_341_error_122.png,C2M2,C2M2,0.06557377049180328,8
YUV,nonuniform,8,413,4,1,3,52,out_YUV_nonuniform_N8_413_error_52.png,C2M2,C2M2,0.15384615384615385,8
YUV,nonuniform,8,422,4,2,2,47,out_YUV_nonuniform_N8_422_error_47.png,C2M2,C2M2,0.1702127659574468,8
YUV,nonuniform,8,431,4,3,1,82,out_YUV_nonuniform_N8_431_error_82.png,C2M2,C2M2,0.0975609756097561,8
YUV,nonuniform,8,512,5,1,2,40,out_YUV_nonuniform_N8_512_error_40.png,C2M2,C2M2,0.2,8
YUV,nonuniform,8,521,5,2,1,69,out_YUV_nonuniform_N8_521_error_69.png,C2M2,C2M2,0.11594202898550725,8
YUV,nonuniform,8,611,6,1,1,74,out_YUV_nonuniform_N8_611_error_74.png,C2M2,C2M2,0.10810810810810811,8
